subj,task,prompt,response_1,response_2,response_3,response_4
sh_1,1,blanco,yankon,joxo,,
sh_1,1,verde,yankon,joxo,,
sh_1,1,rojo,joshin,,,
sh_1,1,amarillo,panshin,,,
sh_1,1,celeste,rojo,azul,,
sh_1,1,negro,wiso,,,
sh_1,1,mierda sol,panshin,,,
sh_1,1,morado,rojo,,,
sh_1,2,negro,negro,,,
sh_1,2,azul/verde,verde,celeste,morada,amarilla
sh_1,2,rojo,rojo,miarda,,
sh_1,2,verde,blanco,negro,,
sh_1,2,amarillo,miarda,,,
sh_1,2,celeste,celeste,,,
sh_1,2,blanco,blanco,,,
sh_1,2,morado,negro,,,
sh_1,2,mierda sol,miarda,,,
sh_2,1,blanco,blanco,,,
sh_2,1,verde,verde,,,
sh_2,1,rojo,rojo,,,
sh_2,1,amarillo,amarillo,,,
sh_2,1,celeste,celeste,,,
sh_2,1,negro,negro,wiso,,
sh_2,1,mierda sol,verde,,,
sh_2,1,morado,morado,,,
sh_2,2,negro,negro,,,
sh_2,2,azul/verde,verde,miarda,celeste,morado
sh_2,2,rojo,rojo,amarilla,,
sh_2,2,verde,blanco,morado,,
sh_2,2,amarillo,verde,,,
sh_2,2,celeste,negro,,,
sh_2,2,blanco,blanco,,,
sh_2,2,morado,miarda,,,
sh_2,2,mierda sol,morada,,,
sh_3,1,blanco,joxo,,,
sh_3,1,verde,azul,panshin,,
sh_3,1,rojo,joshin,rojo,,
sh_3,1,amarillo,panshin,,,
sh_3,1,celeste,azul,,,
sh_3,1,negro,wiso,,,
sh_3,1,mierda sol,marron,,,
sh_3,1,morado,bioleta,joshin,,
sh_3,2,negro,negro,,,
sh_3,2,azul/verde,verde,amarillo,morada,celeste
sh_3,2,rojo,rojo,amarilla,,
sh_3,2,verde,negro,verde,,
sh_3,2,amarillo,amarillo,,,
sh_3,2,celeste,blanco,,,
sh_3,2,blanco,blanco,,,
sh_3,2,morado,miarda,,,
sh_3,2,mierda sol,amarilla,,,
sh_4,1,blanco,blanco,,,
sh_4,1,verde,verde,,,
sh_4,1,rojo,rojo,,,
sh_4,1,amarillo,verde,,,
sh_4,1,celeste,azul,,,
sh_4,1,negro,negro,,,
sh_4,1,mierda sol,morado,amarillo,verde,
sh_4,1,morado,morado,,,
sh_4,2,negro,negro,,,
sh_4,2,azul/verde,verde,amarilla,miarda,blanco
sh_4,2,rojo,celeste,rojo,,
sh_4,2,verde,morado,verde,,
sh_4,2,amarillo,amarillo,,,
sh_4,2,celeste,celeste,,,
sh_4,2,blanco,rojo,,,
sh_4,2,morado,blanco,,,
sh_4,2,mierda sol,amarilla,,,
sh_5,1,blanco,blanco,,,
sh_5,1,verde,verde,,,
sh_5,1,rojo,rojo,,,
sh_5,1,amarillo,amarillo,panshin,,
sh_5,1,celeste,nuve,,,
sh_5,1,negro,negro,,,
sh_5,1,mierda sol,panshin,,,
sh_5,1,morado,rojo,,,
sh_5,2,negro,negro,,,
sh_5,2,azul/verde,verde,blanco,celeste,roja
sh_5,2,rojo,amarillo,rojo,,
sh_5,2,verde,verde,blanco,,
sh_5,2,amarillo,amarillo,,,
sh_5,2,celeste,morado,,,
sh_5,2,blanco,rojo,,,
sh_5,2,morado,miarda del sol,verde,,
sh_5,2,mierda sol,amarillo,,,
sh_6,1,blanco,blanco,joxo,,
sh_6,1,verde,verde,yankon,,
sh_6,1,rojo,joshin,rojo,,
sh_6,1,amarillo,panshin,,,
sh_6,1,celeste,azul,,,
sh_6,1,negro,wiso,negro,,
sh_6,1,mierda sol,verdesito,,,
sh_6,1,morado,morado,bioleta,,
sh_6,2,negro,negro,,,
sh_6,2,azul/verde,verde,celeste,miarda del sol,morada
sh_6,2,rojo,roja,,,
sh_6,2,verde,verde,miarda,,
sh_6,2,amarillo,amarilla,,,
sh_6,2,celeste,miarda,,,
sh_6,2,blanco,blanco,,,
sh_6,2,morado,,,,
sh_6,2,mierda sol,amarilla,,,
sh_7,1,blanco,,,,
sh_7,1,verde,joshin,negro,,
sh_7,1,rojo,verde,,,
sh_7,1,amarillo,verde,joshin,,
sh_7,1,celeste,verde,azul,joshin,
sh_7,1,negro,verde,joshin,,
sh_7,1,mierda sol,carne,verde,,
sh_7,1,morado,verde,,,
sh_7,2,negro,morado,,,
sh_7,2,azul/verde,blanco,negro,rojo,verde
sh_7,2,rojo,rojo,celeste,,
sh_7,2,verde,negro,miarda,,
sh_7,2,amarillo,celeste,,,
sh_7,2,celeste,blanco,,,
sh_7,2,blanco,celeste,,,
sh_7,2,morado,verde,,,
sh_7,2,mierda sol,amarillo,,,
sh_8,1,blanco,joxo,gris,,
sh_8,1,verde,verde,yankon,,
sh_8,1,rojo,joshin,,,
sh_8,1,amarillo,panshin,,,
sh_8,1,celeste,yankon,,,
sh_8,1,negro,wiso,,,
sh_8,1,mierda sol,verde,,,
sh_8,1,morado,bioleta,,,
sh_8,2,negro,negro,,,
sh_8,2,azul/verde,miarda,verde,celeste,morada
sh_8,2,rojo,roja,amarilla,,
sh_8,2,verde,blanco,,,
sh_8,2,amarillo,amarilla,,,
sh_8,2,celeste,celeste,,,
sh_8,2,blanco,blanco,,,
sh_8,2,morado,miarda,,,
sh_8,2,mierda sol,amarilla,,,
sh_9,1,blanco,joxo,plomo,,
sh_9,1,verde,verde,yankon,,
sh_9,1,rojo,joshin,plomo,,
sh_9,1,amarillo,panshin,plomo,,
sh_9,1,celeste,yankon,plomo,,
sh_9,1,negro,wiso,plomo,,
sh_9,1,mierda sol,serru,plomo,,
sh_9,1,morado,morado,plomo,,
sh_9,2,negro,negro,,,
sh_9,2,azul/verde,verde,celeste,joxo,morado
sh_9,2,rojo,rojo,miarda,,
sh_9,2,verde,amarilla,verde,,
sh_9,2,amarillo,amarilla,,,
sh_9,2,celeste,blanco,,,
sh_9,2,blanco,blanco,,,
sh_9,2,morado,rojo,,,
sh_9,2,mierda sol,miarda,,,
sh_10,1,blanco,joxo,,,
sh_10,1,verde,yankon,,,
sh_10,1,rojo,joshin,,,
sh_10,1,amarillo,naranjada,amarillo,panshin,
sh_10,1,celeste,azul,,,
sh_10,1,negro,wiso,,,
sh_10,1,mierda sol,panshin,,,
sh_10,1,morado,azul,,,
sh_10,2,negro,312,,,
sh_10,2,azul/verde,234,1,320,325
sh_10,2,rojo,245,325,,
sh_10,2,verde,234,320,,
sh_10,2,amarillo,297,,,
sh_10,2,celeste,1,,,
sh_10,2,blanco,274,,,
sh_10,2,morado,325,,,
sh_10,2,mierda sol,234,,,
sh_11,1,blanco,panshin,,,
sh_11,1,verde,panshin,wiso,,
sh_11,1,rojo,panshin,wiso,,
sh_11,1,amarillo,barrinpui,,,
sh_11,1,celeste,wiso,panshin,joxo,
sh_11,1,negro,wiso,,,
sh_11,1,mierda sol,barrinpui,,,
sh_11,1,morado,panshin,,,
sh_11,2,negro,234,,,
sh_11,2,azul/verde,245,297,274,234
sh_11,2,rojo,325,320,,
sh_11,2,verde,234,320,,
sh_11,2,amarillo,1,,,
sh_11,2,celeste,297,,,
sh_11,2,blanco,312,,,
sh_11,2,morado,325,,,
sh_11,2,mierda sol,320,,,
sh_12,1,blanco,joxo,,,
sh_12,1,verde,panshin,,,
sh_12,1,rojo,joshin,,,
sh_12,1,amarillo,naranjada,,,
sh_12,1,celeste,yankon,,,
sh_12,1,negro,wiso,,,
sh_12,1,mierda sol,naranjado,,,
sh_12,1,morado,yankon,,,
sh_12,2,negro,312,,,
sh_12,2,azul/verde,234,245,320,1
sh_12,2,rojo,245,297,,
sh_12,2,verde,297,245,,
sh_12,2,amarillo,1,,,
sh_12,2,celeste,274,,,
sh_12,2,blanco,234,,,
sh_12,2,morado,320,,,
sh_12,2,mierda sol,312,,,
sh_13,1,blanco,joxo,,,
sh_13,1,verde,yankon,verde,,
sh_13,1,rojo,joshin,,,
sh_13,1,amarillo,panshin,,,
sh_13,1,celeste,celeste,,,
sh_13,1,negro,wiso,,,
sh_13,1,mierda sol,marron,,,
sh_13,1,morado,bioleta,,,
sh_13,2,negro,312,,,
sh_13,2,azul/verde,234,1,325,245
sh_13,2,rojo,245,325,,
sh_13,2,verde,234,1,,
sh_13,2,amarillo,297,,,
sh_13,2,celeste,1,,,
sh_13,2,blanco,274,,,
sh_13,2,morado,325,,,
sh_13,2,mierda sol,297,,,
sh_14,1,blanco,joxo,panshin,,
sh_14,1,verde,yankon,,,
sh_14,1,rojo,yankon,panshin,joshin,
sh_14,1,amarillo,joshin,yankon,joshin,
sh_14,1,celeste,yankon,,,
sh_14,1,negro,wiso,,,
sh_14,1,mierda sol,barrinpui,wiso,,
sh_14,1,morado,ami,,,
sh_14,2,negro,312,,,
sh_14,2,azul/verde,325,1,234,320
sh_14,2,rojo,245,297,,
sh_14,2,verde,234,325,,
sh_14,2,amarillo,320,,,
sh_14,2,celeste,325,,,
sh_14,2,blanco,274,,,
sh_14,2,morado,325,,,
sh_14,2,mierda sol,320,,,
sh_15,1,blanco,joxo,,,
sh_15,1,verde,verde,yankon,,
sh_15,1,rojo,joshin,rojo,,
sh_15,1,amarillo,panshin,amarillo,,
sh_15,1,celeste,yankon,nai,,
sh_15,1,negro,wiso,negro,,
sh_15,1,mierda sol,manxan,manxanpui,,
sh_15,1,morado,bioleta,,,
sh_15,2,negro,312,,,
sh_15,2,azul/verde,234,1,325,320
sh_15,2,rojo,245,325,,
sh_15,2,verde,234,1,,
sh_15,2,amarillo,297,,,
sh_15,2,celeste,1,,,
sh_15,2,blanco,274,,,
sh_15,2,morado,325,,,
sh_15,2,mierda sol,320,,,
sh_16,1,blanco,joxo,,,
sh_16,1,verde,yankon,verde,,
sh_16,1,rojo,joshin,rojo,,
sh_16,1,amarillo,panshin,amarillo,,
sh_16,1,celeste,agna,,,
sh_16,1,negro,wiso,negro,,
sh_16,1,mierda sol,panshin,,,
sh_16,1,morado,bioleta,carri,,
sh_16,2,negro,312,,,
sh_16,2,azul/verde,234,320,1,325
sh_16,2,rojo,245,325,,
sh_16,2,verde,234,320,,
sh_16,2,amarillo,297,,,
sh_16,2,celeste,1,,,
sh_16,2,blanco,274,,,
sh_16,2,morado,325,,,
sh_16,2,mierda sol,320,,,
sh_17,1,blanco,joxo,blanco,,
sh_17,1,verde,yankon,azul,,
sh_17,1,rojo,joshin,amarillo,,
sh_17,1,amarillo,panshin,amarillo,,
sh_17,1,celeste,yankon,,,
sh_17,1,negro,wiso,blanco,,
sh_17,1,mierda sol,barrinpui,,,
sh_17,1,morado,bioleta,carri,,
sh_17,2,negro,312,,,
sh_17,2,azul/verde,1,234,320,325
sh_17,2,rojo,245,297,,
sh_17,2,verde,234,320,,
sh_17,2,amarillo,297,,,
sh_17,2,celeste,1,,,
sh_17,2,blanco,274,,,
sh_17,2,morado,325,,,
sh_17,2,mierda sol,320,,,
sh_18,1,blanco,joxo,blanco,,
sh_18,1,verde,verde,,,
sh_18,1,rojo,rojo,joshin,,
sh_18,1,amarillo,amarilla,panshin,,
sh_18,1,celeste,celeste,,,
sh_18,1,negro,wiso,negro,,
sh_18,1,mierda sol,verde,manish,,
sh_18,1,morado,morado,,,
sh_18,2,negro,312,,,
sh_18,2,azul/verde,234,1,320,245
sh_18,2,rojo,245,297,,
sh_18,2,verde,234,320,,
sh_18,2,amarillo,297,,,
sh_18,2,celeste,325,,,
sh_18,2,blanco,274,,,
sh_18,2,morado,1,,,
sh_18,2,mierda sol,297,,,
sh_19,1,blanco,joxo,panshin,,
sh_19,1,verde,panshin,pei,,
sh_19,1,rojo,panshin,,,
sh_19,1,amarillo,joa,panshin,,
sh_19,1,celeste,panshin,joxo,,
sh_19,1,negro,wiso,panshin,,
sh_19,1,mierda sol,pei,barrinpui,,
sh_19,1,morado,panshin,yankon,,
sh_19,2,negro,312,,,
sh_19,2,azul/verde,297,320,325,274
sh_19,2,rojo,245,234,,
sh_19,2,verde,234,320,,
sh_19,2,amarillo,325,,,
sh_19,2,celeste,1,,,
sh_19,2,blanco,274,,,
sh_19,2,morado,320,,,
sh_19,2,mierda sol,320,,,
sh_20,1,blanco,joxo,,,
sh_20,1,verde,panshin,,,
sh_20,1,rojo,wiso,,,
sh_20,1,amarillo,verde,,,
sh_20,1,celeste,wiso,,,
sh_20,1,negro,marron,,,
sh_20,1,mierda sol,wiso,,,
sh_20,1,morado,,,,
sh_20,2,negro,234,,,
sh_20,2,azul/verde,245,320,297,312
sh_20,2,rojo,245,297,,
sh_20,2,verde,325,1,,
sh_20,2,amarillo,234,,,
sh_20,2,celeste,1,,,
sh_20,2,blanco,274,,,
sh_20,2,morado,320,,,
sh_20,2,mierda sol,312,,,
sh_21,1,blanco,joxo,nai,,
sh_21,1,verde,yankon,nai,,
sh_21,1,rojo,joshin,amarilla,,
sh_21,1,amarillo,panshin,,,
sh_21,1,celeste,yankon,nai,,
sh_21,1,negro,wiso,,,
sh_21,1,mierda sol,,,,
sh_21,1,morado,azul,,,
sh_21,2,negro,312,,,
sh_21,2,azul/verde,1,234,320,325
sh_21,2,rojo,245,325,,
sh_21,2,verde,234,320,,
sh_21,2,amarillo,297,,,
sh_21,2,celeste,1,,,
sh_21,2,blanco,274,,,
sh_21,2,morado,325,,,
sh_21,2,mierda sol,320,,,
sh_22,1,blanco,joxo,,,
sh_22,1,verde,yankon,,,
sh_22,1,rojo,joshin,,,
sh_22,1,amarillo,panshin,amarillo,,
sh_22,1,celeste,nai,,,
sh_22,1,negro,wiso,,,
sh_22,1,mierda sol,barrinpui,,,
sh_22,1,morado,pua,,,
sh_22,2,negro,312,,,
sh_22,2,azul/verde,234,320,1,297
sh_22,2,rojo,245,325,,
sh_22,2,verde,234,320,,
sh_22,2,amarillo,297,,,
sh_22,2,celeste,1,,,
sh_22,2,blanco,274,,,
sh_22,2,morado,325,,,
sh_22,2,mierda sol,320,,,
sh_23,1,blanco,joxo,,,
sh_23,1,verde,yankon,verde,,
sh_23,1,rojo,joshin,rojo,,
sh_23,1,amarillo,panshin,,,
sh_23,1,celeste,unpax,agua,,
sh_23,1,negro,wiso,negro,,
sh_23,1,mierda sol,barrinpui,,,
sh_23,1,morado,bioleta,,,
sh_23,2,negro,312,,,
sh_23,2,azul/verde,234,320,1,325
sh_23,2,rojo,245,297,,
sh_23,2,verde,234,1,,
sh_23,2,amarillo,297,,,
sh_23,2,celeste,1,,,
sh_23,2,blanco,274,,,
sh_23,2,morado,325,,,
sh_23,2,mierda sol,320,,,
sh_24,1,blanco,joxo,,,
sh_24,1,verde,yankon,,,
sh_24,1,rojo,joshin,,,
sh_24,1,amarillo,panshin,,,
sh_24,1,celeste,unpasx,agua,,
sh_24,1,negro,wiso,marron,,
sh_24,1,mierda sol,barrinpui,,,
sh_24,1,morado,carri,bioleta,,
sh_24,2,negro,312,,,
sh_24,2,azul/verde,234,274,297,320
sh_24,2,rojo,245,325,,
sh_24,2,verde,234,1,,
sh_24,2,amarillo,297,,,
sh_24,2,celeste,1,,,
sh_24,2,blanco,274,,,
sh_24,2,morado,325,,,
sh_24,2,mierda sol,320,,,
sh_25,1,blanco,joxo,,,
sh_25,1,verde,yankon,pei,,
sh_25,1,rojo,joshin,,,
sh_25,1,amarillo,panshin,pei panshinshoko,,
sh_25,1,celeste,yankon,unpasx,nai,
sh_25,1,negro,wiso,naiwiso,barriwiso,
sh_25,1,mierda sol,yankontani,manish,,
sh_25,1,morado,bioleta,,,
sh_25,2,negro,312*,,,
sh_25,2,azul/verde,234,1,320,325
sh_25,2,rojo,245,325,,
sh_25,2,verde,234,320,,
sh_25,2,amarillo,297,,,
sh_25,2,celeste,1,,,
sh_25,2,blanco,274,,,
sh_25,2,morado,325,,,
sh_25,2,mierda sol,1,,,
sh_26,1,blanco,joxo,,,
sh_26,1,verde,yankon,,,
sh_26,1,rojo,joshin,rojo,,
sh_26,1,amarillo,panshin,,,
sh_26,1,celeste,verde,,,
sh_26,1,negro,wiso,,,
sh_26,1,mierda sol,barrinpui jisa,,,
sh_26,1,morado,amarillo,,,
sh_26,2,negro,342,,,
sh_26,2,azul/verde,234,1,320,297
sh_26,2,rojo,245,325,,
sh_26,2,verde,234,320,,
sh_26,2,amarillo,297,,,
sh_26,2,celeste,1,,,
sh_26,2,blanco,274,,,
sh_26,2,morado,312*,,,
sh_26,2,mierda sol,320,,,
sh_27,1,blanco,joxo,joshin,,
sh_27,1,verde,joshin,verde,joxo,
sh_27,1,rojo,joshin,rojo,,
sh_27,1,amarillo,rojo,,,
sh_27,1,celeste,nai,joshin,,
sh_27,1,negro,verde,joxo,joshin,
sh_27,1,mierda sol,barri,joxo,joshin,
sh_27,1,morado,joxo,joshin,,
sh_27,2,negro,312*,,,
sh_27,2,azul/verde,325,1,274,234
sh_27,2,rojo,297,320,,
sh_27,2,verde,245,320,,
sh_27,2,amarillo,297,,,
sh_27,2,celeste,274,,,
sh_27,2,blanco,274,,,
sh_27,2,morado,297,,,
sh_27,2,mierda sol,320,,,
sh_28,1,blanco,joxo,,,
sh_28,1,verde,mancoapei,mango,,
sh_28,1,rojo,joshin,,,
sh_28,1,amarillo,barri,azul,,
sh_28,1,celeste,jenekeska,verde,,
sh_28,1,negro,wiso,,,
sh_28,1,mierda sol,verde,,,
sh_28,1,morado,,,,
sh_28,2,negro,312*,,,
sh_28,2,azul/verde,1,325,234,320
sh_28,2,rojo,245,320,,
sh_28,2,verde,320,234,,
sh_28,2,amarillo,297,,,
sh_28,2,celeste,274,,,
sh_28,2,blanco,274,,,
sh_28,2,morado,325,,,
sh_28,2,mierda sol,234,,,
sh_29,1,blanco,joxo,,,
sh_29,1,verde,yankon,,,
sh_29,1,rojo,joshin,,,
sh_29,1,amarillo,panshin,,,
sh_29,1,celeste,,,,
sh_29,1,negro,wiso,,,
sh_29,1,mierda sol,yankon,,,
sh_29,1,morado,,,,
sh_29,2,negro,312*,,,
sh_29,2,azul/verde,234,1,325,320
sh_29,2,rojo,245,325,,
sh_29,2,verde,320,274,,
sh_29,2,amarillo,297,,,
sh_29,2,celeste,325,,,
sh_29,2,blanco,274,,,
sh_29,2,morado,1,,,
sh_29,2,mierda sol,234,,,
sh_30,1,blanco,amarillo,,,
sh_30,1,verde,rojo,verde,,
sh_30,1,rojo,panshin,joshin,,
sh_30,1,amarillo,panshin,,,
sh_30,1,celeste,agur,,,
sh_30,1,negro,wiso,amarillo,,
sh_30,1,mierda sol,,,,
sh_30,1,morado,panshin,amarillo,joshin,
sh_30,2,negro,312,,,
sh_30,2,azul/verde,234,325,312,297
sh_30,2,rojo,245,274,,
sh_30,2,verde,234,320,,
sh_30,2,amarillo,297,,,
sh_30,2,celeste,320,,,
sh_30,2,blanco,274,,,
sh_30,2,morado,312,,,
sh_30,2,mierda sol,1,,,
sh_31,1,blanco,joxo,,,
sh_31,1,verde,verde,,,
sh_31,1,rojo,joshin,,,
sh_31,1,amarillo,naranjada,,,
sh_31,1,celeste,agur,,,
sh_31,1,negro,wiso,,,
sh_31,1,mierda sol,verde,,,
sh_31,1,morado,bioleta,,,
sh_31,2,negro,312*,,,
sh_31,2,azul/verde,234,320,1,297
sh_31,2,rojo,245,274,,
sh_31,2,verde,234,320,,
sh_31,2,amarillo,297,,,
sh_31,2,celeste,1,,,
sh_31,2,blanco,274,,,
sh_31,2,morado,325,,,
sh_31,2,mierda sol,234,,,
sh_32,1,blanco,joxo,,,
sh_32,1,verde,yankon,,,
sh_32,1,rojo,joshin,,,
sh_32,1,amarillo,panshin,,,
sh_32,1,celeste,,,,
sh_32,1,negro,wiso,,,
sh_32,1,mierda sol,,,,
sh_32,1,morado,,,,
sh_32,2,negro,312,,,
sh_32,2,azul/verde,234,1,297,274
sh_32,2,rojo,245,320,,
sh_32,2,verde,234,297,,
sh_32,2,amarillo,297,,,
sh_32,2,celeste,274,,,
sh_32,2,blanco,274,,,
sh_32,2,morado,320,,,
sh_32,2,mierda sol,274,,,
sh_33,1,blanco,joxo,,,
sh_33,1,verde,yankon,verde,,
sh_33,1,rojo,joshin,,,
sh_33,1,amarillo,panshin,amarillo,,
sh_33,1,celeste,,,,
sh_33,1,negro,wiso,negro,,
sh_33,1,mierda sol,marron,,,
sh_33,1,morado,bioleta,,,
sh_33,2,negro,312,,,
sh_33,2,azul/verde,234,1,320,325
sh_33,2,rojo,245,297,,
sh_33,2,verde,234,320,,
sh_33,2,amarillo,297,,,
sh_33,2,celeste,1,,,
sh_33,2,blanco,274,,,
sh_33,2,morado,312,,,
sh_33,2,mierda sol,234,,,
sh_34,1,blanco,joxo,blanco,,
sh_34,1,verde,yankon,verde,,
sh_34,1,rojo,joshin,,,
sh_34,1,amarillo,panshin,,,
sh_34,1,celeste,azul,unpasx,,
sh_34,1,negro,wiso,,,
sh_34,1,mierda sol,yankon,mai,chawa,
sh_34,1,morado,bioleta,,,
sh_34,2,negro,312,,,
sh_34,2,azul/verde,234,320,1,245
sh_34,2,rojo,245,297,,
sh_34,2,verde,234,320,,
sh_34,2,amarillo,297,,,
sh_34,2,celeste,1,,,
sh_34,2,blanco,274,,,
sh_34,2,morado,325,,,
sh_34,2,mierda sol,312,,,
sh_35,1,blanco,joxo,,,
sh_35,1,verde,yankon,,,
sh_35,1,rojo,joshin,,,
sh_35,1,amarillo,panshin,,,
sh_35,1,celeste,agua,nai,,
sh_35,1,negro,wiso,,,
sh_35,1,mierda sol,panshin,,,
sh_35,1,morado,bioleta,,,
sh_35,2,negro,312,,,
sh_35,2,azul/verde,234,1,325,320
sh_35,2,rojo,245,297,,
sh_35,2,verde,234,320,,
sh_35,2,amarillo,320,,,
sh_35,2,celeste,1,,,
sh_35,2,blanco,274,,,
sh_35,2,morado,325,,,
sh_35,2,mierda sol,297,,,
sh_36,1,blanco,joxo,,,
sh_36,1,verde,yankon,,,
sh_36,1,rojo,joshin,,,
sh_36,1,amarillo,panshin,,,
sh_36,1,celeste,nai,,,
sh_36,1,negro,wiso,,,
sh_36,1,mierda sol,bavrinpui*,,,
sh_36,1,morado,pua,,,
sh_36,2,negro,312,,,
sh_36,2,azul/verde,234,1,320,325
sh_36,2,rojo,245,274,,
sh_36,2,verde,234,320,,
sh_36,2,amarillo,297,,,
sh_36,2,celeste,1,,,
sh_36,2,blanco,274,,,
sh_36,2,morado,325,,,
sh_36,2,mierda sol,320,,,
sh_37,1,blanco,joxo,,,
sh_37,1,verde,verde,yankon,,
sh_37,1,rojo,joshin,,,
sh_37,1,amarillo,panshin,,,
sh_37,1,celeste,azul,nai,,
sh_37,1,negro,wiso,,,
sh_37,1,mierda sol,panshin,barrinpui,,
sh_37,1,morado,verde,pua,,
sh_37,2,negro,312,,,
sh_37,2,azul/verde,1,234,325,320
sh_37,2,rojo,245,325,,
sh_37,2,verde,234,1,,
sh_37,2,amarillo,297,,,
sh_37,2,celeste,1,,,
sh_37,2,blanco,274,,,
sh_37,2,morado,325,,,
sh_37,2,mierda sol,320,,,
sh_38,1,blanco,joxo,,,
sh_38,1,verde,yankon,,,
sh_38,1,rojo,joshin,,,
sh_38,1,amarillo,barrinpui,yankon,,
sh_38,1,celeste,panshin,yankon,,
sh_38,1,negro,wiso,,,
sh_38,1,mierda sol,yankon,,,
sh_38,1,morado,yankon,,,
sh_38,2,negro,312,,,
sh_38,2,azul/verde,320,325,234,297
sh_38,2,rojo,245,297,,
sh_38,2,verde,312,325,,
sh_38,2,amarillo,320,,,
sh_38,2,celeste,234,,,
sh_38,2,blanco,274,,,
sh_38,2,morado,325,,,
sh_38,2,mierda sol,234,,,
sh_39,1,blanco,joxo,,,
sh_39,1,verde,yankon,,,
sh_39,1,rojo,joshin,,,
sh_39,1,amarillo,panshin,,,
sh_39,1,celeste,nai,,,
sh_39,1,negro,pua,wiso,,
sh_39,1,mierda sol,barrinpui,,,
sh_39,1,morado,pua,,,
sh_39,2,negro,312,,,
sh_39,2,azul/verde,234,325,1,320
sh_39,2,rojo,245,325,,
sh_39,2,verde,234,1,,
sh_39,2,amarillo,297,,,
sh_39,2,celeste,1,,,
sh_39,2,blanco,274,,,
sh_39,2,morado,325,,,
sh_39,2,mierda sol,320,,,
sh_40,1,blanco,nai,joxo,,
sh_40,1,verde,,,,
sh_40,1,rojo,joshin,,,
sh_40,1,amarillo,panshin,,,
sh_40,1,celeste,,,,
sh_40,1,negro,marron,wiso,,
sh_40,1,mierda sol,panshin,,,
sh_40,1,morado,,,,
sh_40,2,negro,312,,,
sh_40,2,azul/verde,325,245,297,234
sh_40,2,rojo,245,297,,
sh_40,2,verde,234,274,,
sh_40,2,amarillo,320,,,
sh_40,2,celeste,1,,,
sh_40,2,blanco,274,,,
sh_40,2,morado,312,,,
sh_40,2,mierda sol,297,,,
sh_41,1,blanco,joxo,,,
sh_41,1,verde,yankon,,,
sh_41,1,rojo,joshin,,,
sh_41,1,amarillo,panshin,,,
sh_41,1,celeste,nai,,,
sh_41,1,negro,wiso,,,
sh_41,1,mierda sol,yankon,,,
sh_41,1,morado,bioleta,carri,,
sh_41,2,negro,312,,,
sh_41,2,azul/verde,234,320,1,325
sh_41,2,rojo,245,325,,
sh_41,2,verde,234,320,,
sh_41,2,amarillo,297,,,
sh_41,2,celeste,1,,,
sh_41,2,blanco,274,,,
sh_41,2,morado,325,,,
sh_41,2,mierda sol,234,,,
sh_42,1,blanco,joxo,,,
sh_42,1,verde,yankon,,,
sh_42,1,rojo,toshin,,,
sh_42,1,amarillo,panshin,,,
sh_42,1,celeste,nai,,,
sh_42,1,negro,wiso,,,
sh_42,1,mierda sol,barrinpui,,,
sh_42,1,morado,pua,,,
sh_42,2,negro,312,,,
sh_42,2,azul/verde,234,1,325,320
sh_42,2,rojo,245,325,,
sh_42,2,verde,320,234,,
sh_42,2,amarillo,297,,,
sh_42,2,celeste,1,,,
sh_42,2,blanco,274,,,
sh_42,2,morado,325,,,
sh_42,2,mierda sol,320,,,
sh_43,1,blanco,joxo,,,
sh_43,1,verde,yankon,,,
sh_43,1,rojo,joshin,,,
sh_43,1,amarillo,panshin,,,
sh_43,1,celeste,yankon,jene,,
sh_43,1,negro,wiso,,,
sh_43,1,mierda sol,naranjada,yankon,,
sh_43,1,morado,carri,naranjada,yankon,
sh_43,2,negro,312,,,
sh_43,2,azul/verde,234,325,1,320
sh_43,2,rojo,245,325,,
sh_43,2,verde,320,234,,
sh_43,2,amarillo,297,,,
sh_43,2,celeste,1,,,
sh_43,2,blanco,274,,,
sh_43,2,morado,325,,,
sh_43,2,mierda sol,320,,,
sh_44,1,blanco,joshin,wiso,joxo,
sh_44,1,verde,joxo,wiso,,
sh_44,1,rojo,wiso,joxo,,
sh_44,1,amarillo,joxo,wiso,,
sh_44,1,celeste,joshin,wiso,,
sh_44,1,negro,wiso,,,
sh_44,1,mierda sol,wiso,joxo,,
sh_44,1,morado,joxo,wiso,,
sh_44,2,negro,234,,,
sh_44,2,azul/verde,320,325,234,312
sh_44,2,rojo,297,274,,
sh_44,2,verde,245,1,,
sh_44,2,amarillo,297,,,
sh_44,2,celeste,274,,,
sh_44,2,blanco,320,,,
sh_44,2,morado,234,,,
sh_44,2,mierda sol,245,,,
sh_45,1,blanco,joxo,,,
sh_45,1,verde,yankon,,,
sh_45,1,rojo,joshin,,,
sh_45,1,amarillo,panshin,,,
sh_45,1,celeste,yankon,nai,,
sh_45,1,negro,wiso,,,
sh_45,1,mierda sol,,,,
sh_45,1,morado,bioleta,pua,,
sh_45,2,negro,312*,,,
sh_45,2,azul/verde,1,234,320,325
sh_45,2,rojo,245,325,,
sh_45,2,verde,234,320,,
sh_45,2,amarillo,297,,,
sh_45,2,celeste,1,,,
sh_45,2,blanco,274,,,
sh_45,2,morado,325,,,
sh_45,2,mierda sol,320,,,
sh_46,1,blanco,joxo,,,
sh_46,1,verde,yankon,,,
sh_46,1,rojo,joshin,,,
sh_46,1,amarillo,panshin,,,
sh_46,1,celeste,nai,,,
sh_46,1,negro,wiso,,,
sh_46,1,mierda sol,barrinpui,,,
sh_46,1,morado,pua,,,
sh_46,2,negro,312*,,,
sh_46,2,azul/verde,1,234,325,320
sh_46,2,rojo,245,325,,
sh_46,2,verde,234,1,,
sh_46,2,amarillo,297,,,
sh_46,2,celeste,1,,,
sh_46,2,blanco,274,,,
sh_46,2,morado,325,,,
sh_46,2,mierda sol,320,,,
sh_47,1,blanco,joxo,,,
sh_47,1,verde,yankon,,,
sh_47,1,rojo,joshin,,,
sh_47,1,amarillo,panshin,,,
sh_47,1,celeste,barri,oxe,yankon,
sh_47,1,negro,wiso,,,
sh_47,1,mierda sol,barrinpui,,,
sh_47,1,morado,pua,,,
sh_47,2,negro,312,,,
sh_47,2,azul/verde,1,234,320,325
sh_47,2,rojo,245,297,,
sh_47,2,verde,234,1,,
sh_47,2,amarillo,297,,,
sh_47,2,celeste,1,,,
sh_47,2,blanco,274,,,
sh_47,2,morado,325,,,
sh_47,2,mierda sol,320,,,
sh_48,1,blanco,joxo,,,
sh_48,1,verde,yankon,,,
sh_48,1,rojo,joshin,,,
sh_48,1,amarillo,panshin,,,
sh_48,1,celeste,nai,,,
sh_48,1,negro,wiso,,,
sh_48,1,mierda sol,barrinpui,,,
sh_48,1,morado,pua,,,
sh_48,2,negro,312*,,,
sh_48,2,azul/verde,1,234,320,274
sh_48,2,rojo,245,325,,
sh_48,2,verde,234,1,,
sh_48,2,amarillo,297,,,
sh_48,2,celeste,1,,,
sh_48,2,blanco,274,,,
sh_48,2,morado,325,,,
sh_48,2,mierda sol,320,,,
sh_49,1,blanco,joxo,,,
sh_49,1,verde,yankon,,,
sh_49,1,rojo,joshin,,,
sh_49,1,amarillo,panshin,,,
sh_49,1,celeste,yankon,nai,,
sh_49,1,negro,wiso,,,
sh_49,1,mierda sol,barrinpui,,,
sh_49,1,morado,bioleta,nai,,
sh_49,2,negro,312*,,,
sh_49,2,azul/verde,234,1,325,320
sh_49,2,rojo,245,325,,
sh_49,2,verde,320,234,,
sh_49,2,amarillo,297,,,
sh_49,2,celeste,325,,,
sh_49,2,blanco,274,,,
sh_49,2,morado,1,,,
sh_49,2,mierda sol,325,,,
sh_50,1,blanco,joxo,,,
sh_50,1,verde,yankon,,,
sh_50,1,rojo,joshin,,,
sh_50,1,amarillo,panshin,,,
sh_50,1,celeste,nai,,,
sh_50,1,negro,wiso,,,
sh_50,1,mierda sol,barrinpui,,,
sh_50,1,morado,pua,,,
sh_50,2,negro,312*,,,
sh_50,2,azul/verde,234,325,1,320
sh_50,2,rojo,245,297,,
sh_50,2,verde,234,1,,
sh_50,2,amarillo,297,,,
sh_50,2,celeste,1,,,
sh_50,2,blanco,274,,,
sh_50,2,morado,325,,,
sh_50,2,mierda sol,320,,,
sh_51,1,blanco,joxo,,,
sh_51,1,verde,yankon,,,
sh_51,1,rojo,joshin,,,
sh_51,1,amarillo,panshin,,,
sh_51,1,celeste,nai,,,
sh_51,1,negro,wiso,,,
sh_51,1,mierda sol,barrinpui,,,
sh_51,1,morado,pua,,,
sh_51,2,negro,312*,,,
sh_51,2,azul/verde,234,1,325,320
sh_51,2,rojo,245,325,,
sh_51,2,verde,234,1,,
sh_51,2,amarillo,297,,,
sh_51,2,celeste,1,,,
sh_51,2,blanco,274,,,
sh_51,2,morado,325,,,
sh_51,2,mierda sol,320,,,
sh_52,1,blanco,blanco,joxo,,
sh_52,1,verde,verde,,,
sh_52,1,rojo,joshin,rojo,,
sh_52,1,amarillo,amarillo,panshin,,
sh_52,1,celeste,azul,yankon,,
sh_52,1,negro,wiso,negro,,
sh_52,1,mierda sol,,,,
sh_52,1,morado,morado,,,
sh_52,2,negro,312,,,
sh_52,2,azul/verde,1,,,
sh_52,2,rojo,245,,,
sh_52,2,verde,234,,,
sh_52,2,amarillo,297,,,
sh_52,2,celeste,1,,,
sh_52,2,blanco,274,,,
sh_52,2,morado,320,,,
sh_52,2,mierda sol,,,,
sh_53,1,blanco,,,,
sh_53,1,verde,,,,
sh_53,1,rojo,,,,
sh_53,1,amarillo,,,,
sh_53,1,celeste,,,,
sh_53,1,negro,,,,
sh_53,1,mierda sol,,,,
sh_53,1,morado,,,,
sh_53,2,negro,,,,
sh_53,2,azul/verde,,,,
sh_53,2,rojo,,,,
sh_53,2,verde,,,,
sh_53,2,amarillo,,,,
sh_53,2,celeste,,,,
sh_53,2,blanco,,,,
sh_53,2,morado,,,,
sh_53,2,mierda sol,,,,
sh_54,1,blanco,,,,
sh_54,1,verde,,,,
sh_54,1,rojo,,,,
sh_54,1,amarillo,,,,
sh_54,1,celeste,,,,
sh_54,1,negro,,,,
sh_54,1,mierda sol,,,,
sh_54,1,morado,,,,
sh_54,2,negro,,,,
sh_54,2,azul/verde,,,,
sh_54,2,rojo,,,,
sh_54,2,verde,,,,
sh_54,2,amarillo,,,,
sh_54,2,celeste,,,,
sh_54,2,blanco,,,,
sh_54,2,morado,,,,
sh_54,2,mierda sol,,,,
sh_55,1,blanco,,,,
sh_55,1,verde,,,,
sh_55,1,rojo,,,,
sh_55,1,amarillo,,,,
sh_55,1,celeste,,,,
sh_55,1,negro,,,,
sh_55,1,mierda sol,,,,
sh_55,1,morado,,,,
sh_55,2,negro,,,,
sh_55,2,azul/verde,,,,
sh_55,2,rojo,,,,
sh_55,2,verde,,,,
sh_55,2,amarillo,,,,
sh_55,2,celeste,,,,
sh_55,2,blanco,,,,
sh_55,2,morado,,,,
sh_55,2,mierda sol,,,,
sh_56,1,blanco,,,,
sh_56,1,verde,,,,
sh_56,1,rojo,,,,
sh_56,1,amarillo,,,,
sh_56,1,celeste,,,,
sh_56,1,negro,,,,
sh_56,1,mierda sol,,,,
sh_56,1,morado,,,,
sh_56,2,negro,,,,
sh_56,2,azul/verde,,,,
sh_56,2,rojo,,,,
sh_56,2,verde,,,,
sh_56,2,amarillo,,,,
sh_56,2,celeste,,,,
sh_56,2,blanco,,,,
sh_56,2,morado,,,,
sh_56,2,mierda sol,,,,
sh_57,1,blanco,,,,
sh_57,1,verde,,,,
sh_57,1,rojo,,,,
sh_57,1,amarillo,,,,
sh_57,1,celeste,,,,
sh_57,1,negro,,,,
sh_57,1,mierda sol,,,,
sh_57,1,morado,,,,
sh_57,2,negro,,,,
sh_57,2,azul/verde,,,,
sh_57,2,rojo,,,,
sh_57,2,verde,,,,
sh_57,2,amarillo,,,,
sh_57,2,celeste,,,,
sh_57,2,blanco,,,,
sh_57,2,morado,,,,
sh_57,2,mierda sol,,,,
